,feature,mean,variance
0,trans_day,15.850636002200913,8.876237376313867
1,trans_month,7.1518359747705,3.4248875759020607
2,trans_year,2019.5006628116498,0.4999996956726479
3,trans_hour,12.806742481879999,6.8156322900900035
4,trans_minute,29.497128176163727,17.32636982336345
5,age,45.754349853317485,17.39824344968217
6,amt,70.06182721647724,159.2567356314892
7,city_pop,88662.19757510831,301520.6011347798
8,dist_km,76.1124448421545,29.116965463977262
